artifact_id,sha256,relative_path,classification,duplicate_group,duplicate_count,relationship,confidence,status
AXI-ART-000001,f8b310c80f60d6224b2a947210176fa142e3a4041c235b1c72d0c469271095e3,AXI_v2_1_Audit_Report.xlsx,Spreadsheet,,1,Unique,1.0,Observed
AXI-ART-000002,cf2c6ee015aaa8bea6e57cb24314d94c81b210d745d3c8177ee4f7819a1084c5,AXI_Business_Plan.docx.pdf,Report,,1,Unique,1.0,Observed
AXI-ART-000003,a60035c3feb50a76e8268a4aa3959b3a645904a3a9fab8dada87ef73b82db94f,AXI_Customer_Success_Testing_Workbook.xlsx,Spreadsheet,,1,Unique,1.0,Observed
AXI-ART-000004,f2d84608bc240030db91ba47fb5f33fe7c0f2351e3a76705616ef388e30a3618,AXI_Andrew_Sales_Pitch_Deck_vv2.pptx.pdf,Report,,1,Unique,1.0,Observed
AXI-ART-000005,defcc7900630a7efede64c67151089e4a2d0bb3eeb76cbe9d534321794bd7a82,AXI STANDARD - Google Docs.pdf,Report,,1,Unique,1.0,Observed
AXI-ART-000006,400c9f578d19bbd2b5a91da76db13b4aa602e7f5d189ab59994ec1246cf7e9c1,AXI_Template_Pack.zip,Review,,1,Unique,1.0,Observed
AXI-ART-000007,370508357d14d253d939253719d2e7822d44c4584f6cdf23511fe32716ad2d0b,AXI_RevOps_Testing_Workbook.xlsx,Spreadsheet,,1,Unique,1.0,Observed
AXI-ART-000008,b4c477f9ab4ebbd57f1dd4c327c39eb5eefaa0f11a7b7fa9296e2b19419bfc39,CHANGELOG.md,Documentation,,1,Unique,1.0,Observed
AXI-ART-000009,d29ccf4c48fd8ef28048193a8092138fed7ae081c73ea8f3d1cad3bec8dd8276,AXI_Next_Steps_How_To.md,Documentation,,1,Unique,1.0,Observed
AXI-ART-000010,9793099b28aaad1cac7fde32e8c9daa23fe0f840395efd133d73c8a57d66b2fb,AXI_Step7_Proposal_Delivery_System.zip,Review,,1,Unique,1.0,Observed
AXI-ART-000011,8a9b6f15df31352017bfe54d5a3333b8d889a076302de2d3b80d98f1a8ede5a5,Axi Service Boilerplate Operating System.pdf,Report,,1,Unique,1.0,Observed
AXI-ART-000012,cee058675751d483d9d514177cca69ae3d870dfc889fa40b5c982f9440a84ef4,axi-signal-map.svg,Image,,1,Unique,1.0,Observed
AXI-ART-000013,ec8d6cddada2d2001c80be3346d7dc3270d5bf5d4adcae44d1ad48da462f3fc8,AXI_Testing_Workbook_Template.xlsx,Spreadsheet,,1,Unique,1.0,Observed
AXI-ART-000014,96bb275f021927b05f950cf6f65230d04a6603e0c41ded9f6e9f8b1072a94d15,Revenue_Formula_Master_v2.1_VC1.xlsx,Spreadsheet,,1,Unique,1.0,Observed
AXI-ART-000015,36afa22fde181cf405ae19e6d8c79c93d3992b5f51fcb55b2c7a93204dbcbc7a,AXI_Dashboard_QA_Testing_Workbook.xlsx,Spreadsheet,,1,Unique,1.0,Observed
AXI-ART-000016,43837bca8baa5a26489b5d8145dc935b9f82d51205d633f572643780a7a1d44b,AXI-STD-001 - Charter Design Principles 4  GTP(Update).docx,Document,,1,Unique,1.0,Observed
AXI-ART-000017,5fcf68065de91fcf4fae82652b8648c367613810f449b6ec09e95b695934261b,AXI Master v3 - Google Docs.pdf,Report,,1,Unique,1.0,Observed
AXI-ART-000018,4ac4882463cdfde7d7ef522d3f574cfd72c8acd9f8c77882a4e6d1053aee0ebd,AXI_Brand_Kit.zip,Review,,1,Unique,1.0,Observed
AXI-ART-000019,5617d21481c32ce11d2beb8412951b68db53698f2d47e467bfe8b294b0c348dc,AXI_Client_Pipeline_Template.xlsx,Spreadsheet,,1,Unique,1.0,Observed
AXI-ART-000020,200525786c2d068f1346d4bd444463f4fd6cacbe08827924ef4da547930cc582,README.md,Documentation,,1,Unique,1.0,Observed
AXI-ART-000021,6f3966f3bcdd382edfe80952f288a173a8be618138f19ebde081439688181758,AXI_KPI_Dashboard_Template.xlsx,Spreadsheet,,1,Unique,1.0,Observed
AXI-ART-000022,dc1617ba9007c439aafbda51e8040d5f5e07a1e44eb6e77a5769401c04b66465,VERSION.md,Documentation,,1,Unique,1.0,Observed
AXI-ART-000023,d27e9f5e472f7b6fe31bbf5f7d6b52c156caa6947fe4d2c6e8796c73192d3215,AXI-OSv.zip,Review,,1,Unique,1.0,Observed
AXI-ART-000024,4199aff65c1de4fe3070e356bc629685f89aa1e3424a7e4c380bb82f131d5f5f,AXI_BI_Diagnostic_Testing_Workbook.xlsx,Spreadsheet,,1,Unique,1.0,Observed
AXI-ART-000025,562c3b318a496c3b939c4b74ed291e58403990239e56b8b0a8c6492a8f6b0252,.gitignore,Review,,1,Unique,1.0,Observed
AXI-ART-000026,007244906c435a8c8c45ddd16152b3d5df43cb79604c7c56ab55fdaebdb81bd2,AXI_Active_Engagements_Template.xlsx,Spreadsheet,,1,Unique,1.0,Observed
AXI-ART-000027,5300494b3c931308dccdf572ee35c388d0a58f2666d5431db6ed8b202c2e7f8c,RoadMap Response.docx,Document,,1,Unique,1.0,Observed
AXI-ART-000028,1a277537d63ccd40c059b084b79e7075ad1f62c6bfd3aae8d47721bbfe2cc38a,AXI_Step6_Workbooks.zip,Review,,1,Unique,1.0,Observed
AXI-ART-000029,da617af5ffe209b7ddc4d4e3ece98d56e16fcda9752d09525e02eea921c36a46,AXI_Marketing_and_Sales_Plan.pdf.zip,Review,,1,Unique,1.0,Observed
AXI-ART-000030,5df15e6915cb135086cc4e234558f73e2fd033c5e8cd5e2df7340cf7db9c1498,AXI_Deep_Dive_Business_Plan.docx.pdf,Report,,1,Unique,1.0,Observed
AXI-ART-000031,ee4be8576d45a4b1cb270c90c87039934a1ace54e06de1a2549f8493798d2bb5,DEVELOPMENT.md,Documentation,,1,Unique,1.0,Observed
AXI-ART-000032,b24a2bc943d0c891c752be8e5f15d847d59d243f2eafd6f95597ecd65ff422dc,AXI_Deep_Dive_Business_Plan.pdf.zip,Review,,1,Unique,1.0,Observed
AXI-ART-000033,e630ef7ce6583696f499c1aa9531a6463191ed8d120de4f554faf07d449c8300,AXI_STATUS.md,Documentation,,1,Unique,1.0,Observed
AXI-ART-000034,562767bb3339203df570cd98e508866ac627a581614394e3bd7deb0175e204d8,AXI Master v3.docx,Document,,1,Unique,1.0,Observed
AXI-ART-000035,8a37f72822b23cd8df85c453cc29ece46aa9b097a67095542d40d967845f60bf,Releases/F1-Reconstruction-Engine-v2.0/git_history.txt,Notes,,1,Unique,1.0,Observed
AXI-ART-000036,7789f343cb284eb511e6544da5c99d510ab12e879d801c69da7a00f91ba211e7,Releases/F1-Reconstruction-Engine-v2.0/FREEZE.md,Documentation,,1,Unique,1.0,Observed
AXI-ART-000037,748f0cb8f6b3664547aa5e32143ed6d319fcf80ae8890b590c91c9a2e97cfbb7,Releases/F1-Reconstruction-Engine-v2.0/git_status.txt,Notes,,1,Unique,1.0,Observed
AXI-ART-000038,d62b7c433e89903c8e4c00fc470c8f82b33a18c8ecce708db212403a8c936abf,Releases/F1-Reconstruction-Engine-v2.0/engine_manifest.freeze.json,Data,d62b7c433e89,2,Duplicate,1.0,Observed
AXI-ART-000039,bc3703d59ee08ea04b6a75f6d32b2d30d57fd72e4a2f24aa9d1cdad73fd9aa6f,Releases/F1-Reconstruction-Engine-v2.0/git_tags.txt,Notes,,1,Unique,1.0,Observed
AXI-ART-000040,e3b0c44298fc1c149afbf4c8996fb92427ae41e4649b934ca495991b7852b855,Core/CLI/axi.py,Script,e3b0c44298fc,39,Duplicate,1.0,Observed
AXI-ART-000041,e3b0c44298fc1c149afbf4c8996fb92427ae41e4649b934ca495991b7852b855,Core/Services/project_service.py,Script,e3b0c44298fc,39,Duplicate,1.0,Observed
AXI-ART-000042,e3b0c44298fc1c149afbf4c8996fb92427ae41e4649b934ca495991b7852b855,Core/Services/decision_service.py,Script,e3b0c44298fc,39,Duplicate,1.0,Observed
AXI-ART-000043,e3b0c44298fc1c149afbf4c8996fb92427ae41e4649b934ca495991b7852b855,Core/Services/rules_service.py,Script,e3b0c44298fc,39,Duplicate,1.0,Observed
AXI-ART-000044,e3b0c44298fc1c149afbf4c8996fb92427ae41e4649b934ca495991b7852b855,Core/Services/audit_service.py,Script,e3b0c44298fc,39,Duplicate,1.0,Observed
AXI-ART-000045,e3b0c44298fc1c149afbf4c8996fb92427ae41e4649b934ca495991b7852b855,Core/Services/command_router.py,Script,e3b0c44298fc,39,Duplicate,1.0,Observed
AXI-ART-000046,e3b0c44298fc1c149afbf4c8996fb92427ae41e4649b934ca495991b7852b855,Core/Services/selection_service.py,Script,e3b0c44298fc,39,Duplicate,1.0,Observed
AXI-ART-000047,9809be090728f22d290a3fbd6bd0fc208260b16fc621f8398255812646e685fa,AXI_OPERATING_SYSTEM/AXI_OS_v1/AXI_Diagnostic_Workbook.xlsx,Spreadsheet,,1,Unique,1.0,Observed
AXI-ART-000048,c342aa03cd3c9dbb1e83bdcc022fba979c47987cc6bbead98eef285ec57df269,AXI_OPERATING_SYSTEM/AXI_OS_v1/Prospect_Intelligence_Workbook.xlsx,Spreadsheet,,1,Unique,1.0,Observed
AXI-ART-000049,5375369794a72519fd25d8053e9990cb6330203aff3991befc2fbf54ebfd7dbc,AXI_OPERATING_SYSTEM/AXI_OS_v1/Executive_Brief_Workbook.docx,Document,,1,Unique,1.0,Observed
AXI-ART-000050,2ea0014c091042a23872ebac467d8ce2a80f133dfe6938327273fbce586fe9f3,AXI_OPERATING_SYSTEM/AXI_OS_v1/Outside_In_Diagnostic_Workbook.xlsx,Spreadsheet,,1,Unique,1.0,Observed
AXI-ART-000051,2d18f5df9af96971ef17d86dbedee23a59c6beb4aa44a488af18a5a056c2e8f7,AXI_OPERATING_SYSTEM/AXI_OS_v1/Proposal_Workbook.xlsx,Spreadsheet,,1,Unique,1.0,Observed
AXI-ART-000052,8d40c581568a557e0cbb79d770de50ef5d9b022303b155e1c149b81c3ce178d2,AXI_OPERATING_SYSTEM/AXI_OS_v1/AXI_Workbook_Volume1_Ch1-5.pdf,Report,,1,Unique,1.0,Observed
AXI-ART-000053,cc6b67763253d2705575f82181addfca776e0561b8ac9829274baee122a43b19,AXI_OPERATING_SYSTEM/AXI_OS_v1/Engagement_Workbook.xlsx,Spreadsheet,,1,Unique,1.0,Observed
AXI-ART-000054,9044a6b9916ecc7d029fde5d95cb9370424e0af2df46eb35c48f3f7870758821,AXI_OPERATING_SYSTEM/AXI_OS_v1/Discovery_Workbook.xlsx,Spreadsheet,,1,Unique,1.0,Observed
AXI-ART-000055,8df675ed6b314b875aac4534592a7f7f083cf643a3f532aee11560e0ec639148,AXI_OPERATING_SYSTEM/AXI_OS_v1/Retainer_Workbook.xlsx,Spreadsheet,,1,Unique,1.0,Observed
AXI-ART-000056,59e729dbf99035bb9b827e3a55982470912e0a9337caf469f9f5eaaeb9340675,AXI_OPERATING_SYSTEM/AXI_OS_v1/AXI_OS_v1.zip,Review,,1,Unique,1.0,Observed
AXI-ART-000057,e6fd4cb738a60482929fe65f7e52e2d32623fd646a7f77cd6516fbdb5a3eeb8e,AXI_OPERATING_SYSTEM/AXI_OS_v1/AXI_Operating_Manual_v1.pdf,Report,,1,Unique,1.0,Observed
AXI-ART-000058,0e24a99864e9415911c0e51262b2dd6b05be5853a3f7f4c89cbf1b0b3088f3a1,AXI_OPERATING_SYSTEM/AXI_OS_v1/AXI_Operating_Manual_Full.pdf,Report,,1,Unique,1.0,Observed
AXI-ART-000059,eb46ee8fa48e398d1f3073f6568d7c158c3016ca9509ab34cc507022e5bcdafb,Archive/a.mp4,Review,,1,Unique,1.0,Observed
AXI-ART-000060,13a0e9b4202c1a2184be333aa4690a1b48dc4c9d5cef0e77968cbae19d014029,Archive/ssdd.png,Image,13a0e9b4202c,2,Duplicate,1.0,Observed
AXI-ART-000061,55372399d68558baf724fb92844c0668bdb0b43755a7cde5e0026d7858bb2f7f,Archive/3image.png,Image,,1,Unique,1.0,Observed
AXI-ART-000062,99a83d925a55532e1a2a3a319bd043bf0e260db15cbe45376c4a118d3e344451,Archive/6im.png,Image,99a83d925a55,2,Duplicate,1.0,Observed
AXI-ART-000063,639652b9cb38fffeeb499a73422565390c971547a228e68e9bbb5aa8b6be5d00,Archive/Your paragraph text.gif,Review,,1,Unique,1.0,Observed
AXI-ART-000064,533e6748ea8ea78eaffb1008cf4923bbc31777e56e68681b53860537173b72cd,Archive/AXI.pdf,Report,,1,Unique,1.0,Observed
AXI-ART-000065,29bab6c9bc6bc4c1cb88ad56d17d90815e33264dc15564d8738d9cfc594d4f94,Archive/4image.png,Image,,1,Unique,1.0,Observed
AXI-ART-000066,99a83d925a55532e1a2a3a319bd043bf0e260db15cbe45376c4a118d3e344451,Archive/5image.png,Image,99a83d925a55,2,Duplicate,1.0,Observed
AXI-ART-000067,9aefb959735cfc3e39ed86175488ce2e16a91e483a4871f04145811dc771f9a1,Archive/sd.png,Image,,1,Unique,1.0,Observed
AXI-ART-000068,8f509f30b397bc255f4069b80abf52bcc715b28e13e123865bdb7591e1b732bc,Archive/$$$.png,Image,,1,Unique,1.0,Observed
AXI-ART-000069,04ae5bcc698c857b6bd89647e02911115acf5af081f447eeb10ac68f36ccb58d,Archive/7.png,Image,,1,Unique,1.0,Observed
AXI-ART-000070,13a0e9b4202c1a2184be333aa4690a1b48dc4c9d5cef0e77968cbae19d014029,Archive/s.png,Image,13a0e9b4202c,2,Duplicate,1.0,Observed
AXI-ART-000071,2bb46aaa5a47a1bf87c4ba76d1efc12894e706dd414b50ea0cdecb5f09815184,Archive/Screenshot 2026-06-10 at 1.23.41 PM.png,Image,,1,Unique,1.0,Observed
AXI-ART-000072,37dc88ef9a0abeddbe81053a6dd8fdfb13afb613045ea1eb4a5c815a74a3bde4,.pytest_cache/CACHEDIR.TAG,Review,,1,Unique,1.0,Observed
AXI-ART-000073,73fd6fccdd802c419a6b2d983d6c3173b7da97558ac4b589edec2dfe443db9ad,.pytest_cache/README.md,Documentation,,1,Unique,1.0,Observed
AXI-ART-000074,3ed731b65d06150c138e2dadb0be0697550888a6b47eb8c45ecc9adba8b8e9bd,.pytest_cache/.gitignore,Review,,1,Unique,1.0,Observed
AXI-ART-000075,4f53cda18c2baa0c0354bb5f9a3ecbe5ed12ab4d8e11ba873c2f11161202b945,.pytest_cache/v/cache/nodeids,Review,4f53cda18c2b,2,Duplicate,1.0,Observed
AXI-ART-000076,4f53cda18c2baa0c0354bb5f9a3ecbe5ed12ab4d8e11ba873c2f11161202b945,.pytest_cache/v/cache/stepwise,Review,4f53cda18c2b,2,Duplicate,1.0,Observed
AXI-ART-000077,e3b0c44298fc1c149afbf4c8996fb92427ae41e4649b934ca495991b7852b855,Docs/Roadmap/PLATFORM_ROADMAP.md,Documentation,e3b0c44298fc,39,Duplicate,1.0,Observed
AXI-ART-000078,e3b0c44298fc1c149afbf4c8996fb92427ae41e4649b934ca495991b7852b855,Docs/Architecture/AXI_PLATFORM_v2.md,Documentation,e3b0c44298fc,39,Duplicate,1.0,Observed
AXI-ART-000079,e3b0c44298fc1c149afbf4c8996fb92427ae41e4649b934ca495991b7852b855,Docs/Standards/PLATFORM_STANDARDS.md,Documentation,e3b0c44298fc,39,Duplicate,1.0,Observed
AXI-ART-000080,e3b0c44298fc1c149afbf4c8996fb92427ae41e4649b934ca495991b7852b855,Canon/Decision_Register/AXI_Decision_Register_v1.0.md,Documentation,e3b0c44298fc,39,Duplicate,1.0,Observed
AXI-ART-000081,e3b0c44298fc1c149afbf4c8996fb92427ae41e4649b934ca495991b7852b855,Canon/Operating_System/AXI_Operating_System_v1.0.md,Documentation,e3b0c44298fc,39,Duplicate,1.0,Observed
AXI-ART-000082,e3b0c44298fc1c149afbf4c8996fb92427ae41e4649b934ca495991b7852b855,Canon/Constitution/AXI_Constitution_v1.0.md,Documentation,e3b0c44298fc,39,Duplicate,1.0,Observed
AXI-ART-000083,e3b0c44298fc1c149afbf4c8996fb92427ae41e4649b934ca495991b7852b855,Canon/Knowledge_Base/AXI_Knowledge_Base_v1.0.md,Documentation,e3b0c44298fc,39,Duplicate,1.0,Observed
AXI-ART-000084,34dec379723a3cecd8171f2d15d311d5dc2c77635f85157891c771696dd9330b,Engines/Reconstruction/reconstruction_engine.py,Script,34dec379723a,2,Duplicate,1.0,Observed
AXI-ART-000085,86ce4ff200e86e5efc43d862b4cc30ea3b849f84ac7132da46d5e49e0e6696b2,Engines/Reconstruction/reconstruction_engine.v1.py,Script,,1,Unique,1.0,Observed
AXI-ART-000086,34dec379723a3cecd8171f2d15d311d5dc2c77635f85157891c771696dd9330b,Engines/Reconstruction/reconstruction_engine.pre-m3.py,Script,34dec379723a,2,Duplicate,1.0,Observed
AXI-ART-000087,d458cda7d985f975683ad553a65e3f803f2571f600c2ad434af70af328595b4f,Scripts/Inventory/duplicate_detection.py,Script,,1,Unique,1.0,Observed
AXI-ART-000088,ec1caa6a29a0f6798228db908415b8709dc55bd08c4640a11caa3fdfd56192fb,Scripts/Inventory/scanner.py,Script,,1,Unique,1.0,Observed
AXI-ART-000089,7d304c1cb8525886c600c6c917b13c2a0e159ffb5eef7c808d167442811d4294,Scripts/Inventory/config.py,Script,,1,Unique,1.0,Observed
AXI-ART-000090,7076e882d32d22ac96f144d9610d81a41f8425910c59e01386b1ee140d3f43fa,Scripts/Inventory/models.py,Script,,1,Unique,1.0,Observed
AXI-ART-000091,e3b0c44298fc1c149afbf4c8996fb92427ae41e4649b934ca495991b7852b855,Scripts/Inventory/requirements.txt,Notes,e3b0c44298fc,39,Duplicate,1.0,Observed
AXI-ART-000092,e3b0c44298fc1c149afbf4c8996fb92427ae41e4649b934ca495991b7852b855,Scripts/Inventory/__init__.py,Script,e3b0c44298fc,39,Duplicate,1.0,Observed
AXI-ART-000093,a88c4263f4b6054f3c02131d2a09b05cd12750bfd83746af1e16f3de56126c32,Scripts/Inventory/writers.py,Script,,1,Unique,1.0,Observed
AXI-ART-000094,2daa718373b7402fedf3da2740324ecaa8ac93a1ebf63288b4b027c980761ced,Scripts/Inventory/inventory_engine.py,Script,,1,Unique,1.0,Observed
AXI-ART-000095,e3b0c44298fc1c149afbf4c8996fb92427ae41e4649b934ca495991b7852b855,Scripts/Inventory/README.md,Documentation,e3b0c44298fc,39,Duplicate,1.0,Observed
AXI-ART-000096,6529cdc8424d6a62846018ef32494be74a4e20d3609e9f2f6b67a5d4b4b1a068,Scripts/Inventory/hashing.py,Script,,1,Unique,1.0,Observed
AXI-ART-000097,51dac1bfa943754237139df69d54fb2de30efdbfa47f0e17897d48f12cfeb0b7,Scripts/Reconstruction/reconstruction_engine.py,Script,,1,Unique,1.0,Observed
AXI-ART-000098,e3b0c44298fc1c149afbf4c8996fb92427ae41e4649b934ca495991b7852b855,Governance/Roadmap/AXI_Roadmap_v1.0.md,Documentation,e3b0c44298fc,39,Duplicate,1.0,Observed
AXI-ART-000099,d62b7c433e89903c8e4c00fc470c8f82b33a18c8ecce708db212403a8c936abf,Governance/Reconstruction/engine_manifest.json,Data,d62b7c433e89,2,Duplicate,1.0,Observed
AXI-ART-000100,c729ad2bc68ce48e8326d452e140512e75f862b8efb1afceaa8d13cdc5718c7b,Governance/Reconstruction/engine_manifest.pre-eng005.json,Data,,1,Unique,1.0,Observed
AXI-ART-000101,4614e0655b0cee5bdf06c32ece768d9e2fda023c1b2b3a6ad0e84296dbeebf2d,Governance/Reconstruction/engine_manifest.pre-eng004.json,Data,,1,Unique,1.0,Observed
AXI-ART-000102,3ea73fd8077b2299ec7eec9f071f357e1a794f85cc640badb27c95c80d6731f1,Governance/Reconstruction/Archive/Manifest_History/engine_manifest.pre-eng003.json,Data,3ea73fd8077b,2,Duplicate,1.0,Observed
AXI-ART-000103,3ea73fd8077b2299ec7eec9f071f357e1a794f85cc640badb27c95c80d6731f1,Governance/Reconstruction/Archive/Manifest_History/engine_manifest.backup.json,Data,3ea73fd8077b,2,Duplicate,1.0,Observed
AXI-ART-000104,6d450a7923af9e585aed7fac2e257a67b194929f4f1828911957e0e5f5417c08,Governance/Reconstruction/Phase_3/Classification/AXI-REG-003_Artifact_Classification.json,Data,,1,Unique,1.0,Observed
AXI-ART-000105,de367ce55cc63036443679c44bd6593f5cdc618b0b3b379fd009dec44b1c3fe5,Governance/Reconstruction/Phase_3/Classification/AXI-REG-003_Artifact_Classification.csv,Dataset,,1,Unique,1.0,Observed
AXI-ART-000106,c5db7f65286d60102b5f4fd97031e931ae8ef567da1a153e77978940966ab0e0,Governance/Reconstruction/Phase_3/Classification/classification_log.txt,Notes,,1,Unique,1.0,Observed
AXI-ART-000107,8e87dd69baebea7daf68e754525488558e54a17450031a27c05a6f98e9457c62,Governance/Reconstruction/Phase_3/Classification/classification_summary.json,Data,,1,Unique,1.0,Observed
AXI-ART-000108,e3b0c44298fc1c149afbf4c8996fb92427ae41e4649b934ca495991b7852b855,Governance/Reconstruction/Phase_3/Normalization/.gitkeep,Review,e3b0c44298fc,39,Duplicate,1.0,Observed
AXI-ART-000109,e3b0c44298fc1c149afbf4c8996fb92427ae41e4649b934ca495991b7852b855,Governance/Reconstruction/Phase_3/Tests/test_duplicate_engine.py,Script,e3b0c44298fc,39,Duplicate,1.0,Observed
AXI-ART-000110,f4e054e275adbb4aeb276542e9a752144476e34e618695553074ed7acefc40e7,Governance/Reconstruction/Phase_3/Tests/test_inventory.py,Script,,1,Unique,1.0,Observed
AXI-ART-000111,e3b0c44298fc1c149afbf4c8996fb92427ae41e4649b934ca495991b7852b855,Governance/Reconstruction/Phase_3/Tests/test_canonical_engine.py,Script,e3b0c44298fc,39,Duplicate,1.0,Observed
AXI-ART-000112,e3b0c44298fc1c149afbf4c8996fb92427ae41e4649b934ca495991b7852b855,Governance/Reconstruction/Phase_3/Tests/test_provenance_engine.py,Script,e3b0c44298fc,39,Duplicate,1.0,Observed
AXI-ART-000113,e3b0c44298fc1c149afbf4c8996fb92427ae41e4649b934ca495991b7852b855,Governance/Reconstruction/Phase_3/Status/.gitkeep,Review,e3b0c44298fc,39,Duplicate,1.0,Observed
AXI-ART-000114,81c397f60c407007531d0db8c1077bc6e5875a3b3d7b63b3967109ba04828ea3,Governance/Reconstruction/Phase_3/Canon/AXI-REG-005_Canonical_Register.csv,Dataset,,1,Unique,1.0,Observed
AXI-ART-000115,bba8e61d292a004c4d0b3d7a52ee9604c7e0d6497a0e350fc9d4df184a3ba966,Governance/Reconstruction/Phase_3/Canon/AXI-REG-005_Canonical_Register.json,Data,,1,Unique,1.0,Observed
AXI-ART-000116,e3b0c44298fc1c149afbf4c8996fb92427ae41e4649b934ca495991b7852b855,Governance/Reconstruction/Phase_3/Canon/.gitkeep,Review,e3b0c44298fc,39,Duplicate,1.0,Observed
AXI-ART-000117,b71264c66860c2db0c73fa82c3687a6f81edeb92d0ed736d5355f7a0ac114592,Governance/Reconstruction/Phase_3/Canon/canonical_summary.json,Data,,1,Unique,1.0,Observed
AXI-ART-000118,1f4d0750ca0ed3caa52519eb4e3589e2e9376dc6826466b41e8b9713aec93440,Governance/Reconstruction/Phase_3/Canon/canonical_log.txt,Notes,,1,Unique,1.0,Observed
AXI-ART-000119,7b4fdb6a5abdadc8670f7c6776cb08a49b1259abb0f300d3897127ed4280a231,Governance/Reconstruction/Phase_3/Provenance/provenance_log.txt,Notes,,1,Unique,1.0,Observed
AXI-ART-000120,11f8999b30f84b3ba36f59289fac22c95b283709a0336e3211b58cef0186f944,Governance/Reconstruction/Phase_3/Provenance/AXI-REG-004_Provenance_Register.json,Data,,1,Unique,1.0,Observed
AXI-ART-000121,e3b0c44298fc1c149afbf4c8996fb92427ae41e4649b934ca495991b7852b855,Governance/Reconstruction/Phase_3/Provenance/.gitkeep,Review,e3b0c44298fc,39,Duplicate,1.0,Observed
AXI-ART-000122,db63a9a3ec5d8b5d5098d6310ca7ea338f1fc715e2ecccf7bcda7bf0a088762d,Governance/Reconstruction/Phase_3/Provenance/AXI-REG-004_Provenance_Register.csv,Dataset,,1,Unique,1.0,Observed
AXI-ART-000123,9ae7b31e3ab171f8ab02dcdf62d8fa2c4d6fc14e85dd99a105d71ee61379e9b8,Governance/Reconstruction/Phase_3/Provenance/provenance_summary.json,Data,,1,Unique,1.0,Observed
AXI-ART-000124,e3b0c44298fc1c149afbf4c8996fb92427ae41e4649b934ca495991b7852b855,Governance/Reconstruction/Phase_3/Review_Queue/.gitkeep,Review,e3b0c44298fc,39,Duplicate,1.0,Observed
AXI-ART-000125,e676cc6f7dda1fe1c169ce3cf74f1c10ef3a9f9baf8d7f86b8ce62e361751b33,Governance/Reconstruction/Phase_3/Inventory/AXI-REG-001_Artifact_Inventory.json,Data,,1,Unique,1.0,Observed
AXI-ART-000126,6a72136ceeccbf3837528c869227c4d6520d66906bd4306a7d2859d147715edf,Governance/Reconstruction/Phase_3/Inventory/AXI-REG-001_Artifact_Inventory.csv,Dataset,,1,Unique,1.0,Observed
AXI-ART-000127,e3b0c44298fc1c149afbf4c8996fb92427ae41e4649b934ca495991b7852b855,Governance/Reconstruction/Phase_3/Engine/canonical_models.py,Script,e3b0c44298fc,39,Duplicate,1.0,Observed
AXI-ART-000128,4d91edc2109938ba1b8d4fc9aa5955fa394a36419e17061611f2e11f1e04449c,Governance/Reconstruction/Phase_3/Engine/provenance_engine.py,Script,,1,Unique,1.0,Observed
AXI-ART-000129,0f6b713884c36c9a41718c10fabd03106b284d7f57e75474db75e177d56d2630,Governance/Reconstruction/Phase_3/Engine/scanner.py,Script,,1,Unique,1.0,Observed
AXI-ART-000130,ca3a68feddcb308bea3f754a03eb23dd246f3bf3cbbdb9e398ac80e9e8cd59b0,Governance/Reconstruction/Phase_3/Engine/provenance_writer.py,Script,,1,Unique,1.0,Observed
AXI-ART-000131,eca5c320148484872ab3a57aebb11b9272bc4e933639caebbec6d711c5945356,Governance/Reconstruction/Phase_3/Engine/config.py,Script,,1,Unique,1.0,Observed
AXI-ART-000132,f8def2b2b0b247e0897e5f906835320338910ea36b2d3b6df2e73357c90eb114,Governance/Reconstruction/Phase_3/Engine/requirements.txt,Notes,,1,Unique,1.0,Observed
AXI-ART-000133,e3b0c44298fc1c149afbf4c8996fb92427ae41e4649b934ca495991b7852b855,Governance/Reconstruction/Phase_3/Engine/duplicate_rules.py,Script,e3b0c44298fc,39,Duplicate,1.0,Observed
AXI-ART-000134,e3b0c44298fc1c149afbf4c8996fb92427ae41e4649b934ca495991b7852b855,Governance/Reconstruction/Phase_3/Engine/__init__.py,Script,e3b0c44298fc,39,Duplicate,1.0,Observed
AXI-ART-000135,e3b0c44298fc1c149afbf4c8996fb92427ae41e4649b934ca495991b7852b855,Governance/Reconstruction/Phase_3/Engine/duplicate_models.py,Script,e3b0c44298fc,39,Duplicate,1.0,Observed
AXI-ART-000136,c9de0ac951ee966ee39a0997d0e6f049f21afd68568693a901b369a4640fe342,Governance/Reconstruction/Phase_3/Engine/writers.py,Script,,1,Unique,1.0,Observed
AXI-ART-000137,c43506063e7bbe6d210ff7ac9bad7fc823005400c6689b0b05a3a6e1b40cad97,Governance/Reconstruction/Phase_3/Engine/inventory_engine.py,Script,,1,Unique,1.0,Observed
AXI-ART-000138,c83c08693188700bc654add41c0092aa5b3764ed7c1eef52173b1efb85a026f3,Governance/Reconstruction/Phase_3/Engine/classification_engine.py,Script,,1,Unique,1.0,Observed
AXI-ART-000139,103f19047d77be3189c43dca8abaf4c633a1651ae7873977e0deba52ef7a8684,Governance/Reconstruction/Phase_3/Engine/canonical_writer.py,Script,,1,Unique,1.0,Observed
AXI-ART-000140,03c80ad6006af46866cf41071dd034ebb08dd31d0b2cf604110e96d073cd86de,Governance/Reconstruction/Phase_3/Engine/canonical_engine.py,Script,,1,Unique,1.0,Observed
AXI-ART-000141,90f812d3a45433cad60028af0948d24e4fa401948fc1ca6bebdacc51f70e7605,Governance/Reconstruction/Phase_3/Engine/inventory_rules.yaml,Configuration,,1,Unique,1.0,Observed
AXI-ART-000142,e3b0c44298fc1c149afbf4c8996fb92427ae41e4649b934ca495991b7852b855,Governance/Reconstruction/Phase_3/Engine/provenance_models.py,Script,e3b0c44298fc,39,Duplicate,1.0,Observed
AXI-ART-000143,e0b71aa1b58ec7f7a4574bb2d94f637c49834ba48ab58da1ecff36dbae333818,Governance/Reconstruction/Phase_3/Engine/duplicate_engine.py,Script,,1,Unique,1.0,Observed
AXI-ART-000144,e3b0c44298fc1c149afbf4c8996fb92427ae41e4649b934ca495991b7852b855,Governance/Reconstruction/Phase_3/Engine/provenance_rules.py,Script,e3b0c44298fc,39,Duplicate,1.0,Observed
AXI-ART-000145,ca43d2e1aa7062708c52d2affb2aea8eb1e1e72659998428ae50b750b068780a,Governance/Reconstruction/Phase_3/Engine/duplicate_writer.py,Script,,1,Unique,1.0,Observed
AXI-ART-000146,f1da377cf0e596882e21fd4661ec49d971705bf13d3dd0809c0b808472418999,Governance/Reconstruction/Phase_3/Engine/hashing.py,Script,,1,Unique,1.0,Observed
AXI-ART-000147,e3b0c44298fc1c149afbf4c8996fb92427ae41e4649b934ca495991b7852b855,Governance/Reconstruction/Phase_3/Engine/canonical_rules.py,Script,e3b0c44298fc,39,Duplicate,1.0,Observed
AXI-ART-000148,5b1ffa535740d8d6eed950d3f4e23da239311d228dc21e0c500c081b430b6cac,Governance/Reconstruction/Phase_3/Duplicates/duplicate_summary.json,Data,,1,Unique,1.0,Observed
AXI-ART-000149,9b088fa96fbf156907ad8a0aa07a674aea1f8ee535b0a894d0ac6ef6c33b6c15,Governance/Reconstruction/Phase_3/Duplicates/duplicate_log.txt,Notes,,1,Unique,1.0,Observed
AXI-ART-000150,e3b0c44298fc1c149afbf4c8996fb92427ae41e4649b934ca495991b7852b855,Governance/Reconstruction/Phase_3/Duplicates/.gitkeep,Review,e3b0c44298fc,39,Duplicate,1.0,Observed
AXI-ART-000151,ea827bbaa9413d92197474e36ff9cf169cb3f30cfe3080ea872f02163aab8abb,Governance/Reconstruction/Phase_3/Duplicates/AXI-REG-002_Duplicate_Register.csv,Dataset,,1,Unique,1.0,Observed
AXI-ART-000152,f6d999b16be0655dff645ccee549d03080794f8ed935f92f9ab2fc8b7407ce03,Governance/Reconstruction/Phase_3/Duplicates/AXI-REG-002_Duplicate_Register.json,Data,,1,Unique,1.0,Observed
AXI-ART-000153,9957a1dd3c3bc5cf12c586e401e33e4179b945c0b8e6c901f4490adcaebe7502,Governance/Reconstruction/Phase_2/Classification/AXI-CLS-001_Classification_Register_v1.0.docx,Document,,1,Unique,1.0,Observed
AXI-ART-000154,78264548c7e13263f6b985ae482661297bf5f69ce019c4559b136b06eaaf3c09,Governance/Reconstruction/Phase_2/Classification/AXI-CLS-001_Classification_Register_v1.0.xlsx,Spreadsheet,,1,Unique,1.0,Observed
AXI-ART-000155,18241c8b818d7e757c7e2a2019ec56ed6b94df5d158cb82b7571d8ae16d9785e,Governance/Reconstruction/Phase_2/Registers/AXI-REG-002_Duplicate_Candidate_Register_v1.0.docx,Document,,1,Unique,1.0,Observed
AXI-ART-000156,6765fda379796d31a5b380d224e155cca3698dca9f94917eb601190df4f32c5b,Governance/Reconstruction/Phase_2/Registers/AXI-REG-002_Duplicate_Candidate_Register_v1.0.xlsx,Spreadsheet,,1,Unique,1.0,Observed
AXI-ART-000157,dec6f33c259c4e441c35e331e3a8e904942839aa40ff845a6e1472f315b785d5,Governance/Reconstruction/Phase_2/Review_Queue/AXI-RQ-001_Review_Queue_v1.0.xlsx,Spreadsheet,,1,Unique,1.0,Observed
AXI-ART-000158,37279c5ea95c54ba1802500c3d429f2314099354632dbd2907c4af136f1c78d7,Governance/Reconstruction/Phase_2/Review_Queue/AXI-RQ-001_Review_Queue_v1.0.docx,Document,,1,Unique,1.0,Observed
AXI-ART-000159,e2873b1d92f8d2dc8d0f7fe7ccd8d2a89954e48f1d24cbadb1c144e9291e3b66,Governance/Reconstruction/Phase_2/Reports/AXI-RPT-001_Repository_Health_Report_v1.0.xlsx,Spreadsheet,,1,Unique,1.0,Observed
AXI-ART-000160,79ba35fda9c20967b8b5eb1ff8a5d7d9a4b863892e244378b50948f52eb91d4c,Governance/Reconstruction/Phase_2/Reports/AXI-RPT-001_Repository_Health_Report_v1.0.docx,Document,,1,Unique,1.0,Observed
AXI-ART-000161,107861b0dbc6b11d64929bae27d5c0101b880f87c509fee27af618e6a101931d,Governance/Reconstruction/Phase_0/AXI_Object_Standard_v1.0.md,Documentation,,1,Unique,1.0,Observed
AXI-ART-000162,6f99c385e0538c69f85e24f99aec07dc82131b5fda738daa63052f0d73c04fdc,Governance/Reconstruction/Phase_0/AXI_Reconstruction_Charter_v1.0.docx,Document,,1,Unique,1.0,Observed
AXI-ART-000163,87647a0c231ecf7cf81accb485be86a44374258960861f8f395f83df72b37a39,Governance/Reconstruction/Phase_0/AXI_Reconstruction_Phase_Plan_v1.0.docx,Document,,1,Unique,1.0,Observed
AXI-ART-000164,a4fc155cb82a518a937c035ec735a618c3da8a61581b2d0a6c972f7de204c6d1,Governance/Reconstruction/Phase_0/AXI_Lifecycle_Standard_v1.0.docx,Document,,1,Unique,1.0,Observed
AXI-ART-000165,ad31fb2eecfc3e6dbe322b8499c65cf6fa39c37d2feb9af0595b95c6b3839dff,Governance/Reconstruction/Phase_0/AXI_Approval_Policy_v1.0.md,Documentation,,1,Unique,1.0,Observed
AXI-ART-000166,a8f6a4a0adf2deb61fe949e9db311b8e87a435afc5cae21f75847ad52747563d,Governance/Reconstruction/Phase_0/AXI_Definition_of_Done_v1.0.md,Documentation,,1,Unique,1.0,Observed
AXI-ART-000167,96ebd8d5f62f7b4ad14403ebeca6739c00ce3888b4c758a4e6f73519876e0811,Governance/Reconstruction/Phase_0/AXI_Provenance_Policy_v1.0.docx,Document,,1,Unique,1.0,Observed
AXI-ART-000168,6134d68931054703e816cc5c1a1e03741b0b62ad759bc3d8e81008eee09acf98,Governance/Reconstruction/Phase_0/AXI_Reconstruction_Workflow_v1.0.md,Documentation,,1,Unique,1.0,Observed
AXI-ART-000169,93279852bbcac54660f3f6eed5ff7a15f77a5b0c5db25a817ea545d6cafe5249,Governance/Reconstruction/Phase_0/AXI_Reconstruction_Workflow_v1.0.docx,Document,,1,Unique,1.0,Observed
AXI-ART-000170,ae37795f5ea0d3080328e8a6dc13f89cd970d473322bd00cacd93ee907fdd8fe,Governance/Reconstruction/Phase_0/AXI_Definition_of_Done_v1.0.docx,Document,,1,Unique,1.0,Observed
AXI-ART-000171,b9ed2090ea74bf4ebafff4dcee1d0c5613c41ec7d710edbadaf8809dc7530d92,Governance/Reconstruction/Phase_0/AXI_Reconstruction_Charter_v1.0.md,Documentation,,1,Unique,1.0,Observed
AXI-ART-000172,8d353575926837a317323435871f2666248d9ef006625ec5e23c68657e33e7bf,Governance/Reconstruction/Phase_0/AXI_Approval_Policy_v1.0.docx,Document,,1,Unique,1.0,Observed
AXI-ART-000173,7beb84173eda135ae30d4785eb914be3926651af85407da255f6e57949c1080d,Governance/Reconstruction/Phase_0/AXI_Lifecycle_Standard_v1.0.md,Documentation,,1,Unique,1.0,Observed
AXI-ART-000174,1e542650e7fb7b20b231a159c5487c7227ab5ec7906207aec4188507b7dfed2f,Governance/Reconstruction/Phase_0/AXI_Provenance_Policy_v1.0.md,Documentation,,1,Unique,1.0,Observed
AXI-ART-000175,7b6b6ecc547ebfe95be1cf1ad55b9de52337ff7c5057c801f4663ccd6135a4a0,Governance/Reconstruction/Phase_0/AXI_Object_Standard_v1.0.docx,Document,,1,Unique,1.0,Observed
AXI-ART-000176,86c60e39fb8d370038f067ee6cd8595413a4413884a3fc05ca86ed05ce9be77b,Governance/Reconstruction/Phase_0/AXI_Reconstruction_Phase_Plan_v1.0.md,Documentation,,1,Unique,1.0,Observed
AXI-ART-000177,2e8473c743826db1f2939f31c2bec1556569d943595885ca20f4125bd381ac06,Governance/Reconstruction/Phase_1/AXI_Repository_Inventory_Standard_v1.0.docx,Document,,1,Unique,1.0,Observed
AXI-ART-000178,6ffff14a11fd9589111af5a4a023aeb69f372468b04fe2792c1498fa0014fb2f,Governance/Reconstruction/Phase_1/AXI_Repository_Inventory_Standard_v1.0.md,Documentation,,1,Unique,1.0,Observed
AXI-ART-000179,5d7ec33a52067a93aaf80396d8c60cdda722e2d5afb169cb3dfefd9473553f02,Governance/Reconstruction/Phase_1/Registers/~$AXI_Repository_Inventory_Register_v1.0.xlsx,Spreadsheet,,1,Unique,1.0,Observed
AXI-ART-000180,f0745b41ca20e25daf225c8da3d09bd6bb061e5c01db865134c0c7f795752bed,Governance/Reconstruction/Phase_1/Registers/AXI_Repository_Inventory_Register_v1.0.csv,Dataset,,1,Unique,1.0,Observed
AXI-ART-000181,558e53b2531d3f3a5fdfcd661ae842fadb6ea17ddedb2feb446f38036fcc78db,Governance/Reconstruction/Phase_1/Registers/AXI_Repository_Inventory_Register_v1.0.xlsx,Spreadsheet,,1,Unique,1.0,Observed
AXI-ART-000182,b8065b4042e671d520c23b4278c826569f3415386f05827858bf3dc55c7f017f,Governance/Reconstruction/Phase_1/Registers/AXI_Repository_Inventory_Register_README.md,Documentation,,1,Unique,1.0,Observed
AXI-ART-000183,e3b0c44298fc1c149afbf4c8996fb92427ae41e4649b934ca495991b7852b855,Governance/Reviews/AXI_Open_Decisions.md,Documentation,e3b0c44298fc,39,Duplicate,1.0,Observed
AXI-ART-000184,4f2573a9fa27c19731400ee100c8810eef83d84da9c1ace2b552dadfae9cba29,Governance/Reviews/CLEANUP_REPORT.md,Documentation,,1,Unique,1.0,Observed
AXI-ART-000185,e3b0c44298fc1c149afbf4c8996fb92427ae41e4649b934ca495991b7852b855,Governance/Source_Control/AXI_Source_Map_v1.0.csv,Dataset,e3b0c44298fc,39,Duplicate,1.0,Observed
AXI-ART-000186,e3b0c44298fc1c149afbf4c8996fb92427ae41e4649b934ca495991b7852b855,Governance/Source_Control/AXI_Master_Index_v1.0.md,Documentation,e3b0c44298fc,39,Duplicate,1.0,Observed
AXI-ART-000187,e3b0c44298fc1c149afbf4c8996fb92427ae41e4649b934ca495991b7852b855,Governance/Standards/AXI_Standards_Index_v1.0.md,Documentation,e3b0c44298fc,39,Duplicate,1.0,Observed
AXI-ART-000188,bd6514539ad341566e6279258790bdacd908b3deec196ea40b7500ea38de61cd,Assets/axiprofile.png,Image,,1,Unique,1.0,Observed
AXI-ART-000189,f647c0ae8e6da2808fcfb378e5053cb0fe2b0a6b491167dd135851ae46a1eb32,Assets/DELVE Relationships.png,Image,,1,Unique,1.0,Observed
AXI-ART-000190,13f74172103ba798c5f320c46d9e3b5e35bfaf9cf6a962e7f5877f3940746d8f,Assets/thisis.png,Image,,1,Unique,1.0,Observed
AXI-ART-000191,b7038ee72c846ac1af4af56a4a398da2df36de34459bc426630ec2040357ba3d,Assets/ss.png,Image,,1,Unique,1.0,Observed
AXI-ART-000192,e11838b725380e529b43e343f6fccff663884680f5df31896f5928765c7dd4da,Assets/Changes.png,Image,,1,Unique,1.0,Observed
AXI-ART-000193,7ca142af5847adbb3a62d157bc8d9cefa18155604514c3c6bc182223775dd281,Assets/Untitled.png,Image,,1,Unique,1.0,Observed
AXI-ART-000194,22b470d775f2a4c8a77c63c34eabe60662b3fbe862b4085a0b80d6309fb8e9ab,Assets/Screenshot 2026-06-29 at 12.06.50 PM.png,Image,,1,Unique,1.0,Observed
AXI-ART-000195,56f7ebb853ef1f407583817caf5d98c6cc7095b0d41a706bca603768b535fafe,Assets/AXI _cover.png,Image,,1,Unique,1.0,Observed
AXI-ART-000196,45906e3ce65b31db4600d83262405116b886dfc643a82f8e57ef471b77f5eb66,Assets/image.png,Image,,1,Unique,1.0,Observed
AXI-ART-000197,55237586c802a95d2f215984b7605507892f01ed3d0de6f35f0b1d2c4929e12b,Assets/Generated Asset(svg)/1.svg,Image,,1,Unique,1.0,Observed
AXI-ART-000198,9f52680fac181d6693cd16c6ab09026b25d84329e7d2ff37cce47ca434bd08f7,Assets/Generated Asset(svg)/3.svg,Image,,1,Unique,1.0,Observed
AXI-ART-000199,e512a1e546773d6ec4f0748ab652448902920bbafe70c95b659acb308cfef6a2,Assets/Generated Asset(svg)/2.svg,Image,,1,Unique,1.0,Observed
AXI-ART-000200,64fee827c547975e9d125f7b400bf813113e4032e7eb2f22a7f1fbc5b3b96946,Assets/Generated Asset(svg)/5.svg,Image,,1,Unique,1.0,Observed
AXI-ART-000201,62df17fc9d83bb7e555830332d1ac5a238e3d51357844b4df607b2b78e5c1230,Assets/Generated Asset(svg)/4.svg,Image,,1,Unique,1.0,Observed
AXI-ART-000202,11461d2716b19c68e708d6e361b5216afe13d8ada04bc03ff49e239b431ff943,Assets/Generated Asset(svg)/AXI_Network_Master.png/4.png,Image,,1,Unique,1.0,Observed
AXI-ART-000203,afdba6634782dba734ad0b285b7a47b93cb7d0146ad34d8a733645668c24498a,Assets/Generated Asset(svg)/AXI_Network_Master.png/5.png,Image,,1,Unique,1.0,Observed
AXI-ART-000204,eb1086e60eda77d5c7e094c6509769bf1d33097998f0cd2a1e9f9384e963012a,Assets/Generated Asset(svg)/AXI_Network_Master.png/6.png,Image,,1,Unique,1.0,Observed
AXI-ART-000205,380289b7a0ba7489715ae19528d0d929795c4207907b8f961a67db10848e9616,Assets/Generated Asset(svg)/AXI_Network_Master.png/2.png,Image,,1,Unique,1.0,Observed
AXI-ART-000206,cc5f2637dcdeb644bc8dbcd661491f586d38a4ff02c9ab79ece844949e31f113,Assets/Generated Asset(svg)/AXI_Network_Master.png/3.png,Image,,1,Unique,1.0,Observed
AXI-ART-000207,19899e92c95aed5d629c5bf9e71fc651751098b29757414ed3e644fa440aab5a,Assets/Generated Asset(svg)/AXI_Network_Master.png/1.png,Image,,1,Unique,1.0,Observed
AXI-ART-000208,9001a9b5f9cfe24aacaed9bdee1f0842d9ee2e29d61c4a2be2c9297b0316d2d2,Assets/Generated Asset(png)/4.png,Image,,1,Unique,1.0,Observed
AXI-ART-000209,309030320f54ba547a8dcf39f0b1476c1ff77b3835c74397bb1e0e9063f629ed,Assets/Generated Asset(png)/5.png,Image,,1,Unique,1.0,Observed
AXI-ART-000210,a02c8930688ae672634a2c3bfd19c47f6e26693031e74504d48c56cdce248084,Assets/Generated Asset(png)/2.png,Image,,1,Unique,1.0,Observed
AXI-ART-000211,fe1be4fb254791df11aeb35bd3b3bb6ef4811892800869739b7886c214fad3ee,Assets/Generated Asset(png)/3.png,Image,,1,Unique,1.0,Observed
AXI-ART-000212,04cdf94687f398acdd04c35e96e9025f8e1c44ddf592df287a940d712beab3e9,Assets/Generated Asset(png)/1.png,Image,,1,Unique,1.0,Observed
AXI-ART-000213,510c472911d0e221ab570c2ba79237d939a57fea20def81c38b224e76b0dde2f,AXI-Publication-Library/Registers/AXI_Publication_Register_v0.1.xlsx,Spreadsheet,,1,Unique,1.0,Observed
AXI-ART-000214,74dc09c45309f0c2ba11674d8d7ced5933829e18d3dbb8cb82cd554d5ed28a42,AXI-Publication-Library/Registers/AXI_Dependency_Register_v0.1.xlsx,Spreadsheet,,1,Unique,1.0,Observed
AXI-ART-000215,75e540280c84a3835f37d1605aa747f08c5fff11e45b32dd3c92c76f6a05f144,AXI-Publication-Library/Registers/AXI-STD-000_Document_Numbering_and_Identifier_Standard_v0.1.docx,Document,,1,Unique,1.0,Observed
AXI-ART-000216,e3b0c44298fc1c149afbf4c8996fb92427ae41e4649b934ca495991b7852b855,AXI-Publication-Library/00_Roadmaps/AXI_Publication_Roadmap_v1.docx,Document,e3b0c44298fc,39,Duplicate,1.0,Observed
